{"title":"Summary","description":"Test your users with fill in the summary tasks.","majorVersion":1,"minorVersion":10,"patchVersion":22,"runnable":1,"embedTypes":["iframe"],"machineName":"H5P.Summary","license":"MIT","author":"Joubel","coreApi":{"majorVersion":1,"minorVersion":19},"preloadedCss":[{"path":"css/summary.css"}],"preloadedJs":[{"path":"js/stop-watch.js"},{"path":"js/xapi-event-builder.js"},{"path":"js/summary.js"}],"preloadedDependencies":[{"machineName":"FontAwesome","majorVersion":4,"minorVersion":5},{"machineName":"H5P.JoubelUI","majorVersion":1,"minorVersion":3},{"machineName":"H5P.Question","majorVersion":1,"minorVersion":5}],"editorDependencies":[{"machineName":"H5PEditor.SummaryTextualEditor","majorVersion":1,"minorVersion":1},{"machineName":"H5PEditor.RangeList","majorVersion":1,"minorVersion":0}]}